data,datatype
vestibulum proin eu mi nulla,wishlist_name
rcrampton6z@newsvine.com,email
U2aFna,password
massa donec dapibus duis,search_wishlist
sollicitudin vitae consectetuer eget rutrum at lorem,search_wishlist
950pBGZ43s9g,password
risus semper,search_wishlist
1Y7U5lNXw8,password
dwaadenburg8b@google.pl,email
0PgKuL,password
351-(956)810-6777,phone
djirac@epa.gov,email
57-(595)327-4922,phone
tempus sit amet sem fusce,wishlist_name
magna,wishlist_name
NfpsEmN,password
zdobbinson6e@buzzfeed.com,email
963-(449)275-2347,phone
af:91:35:10:68:e5,MAC_address
C6C205Ufuyaq,password
tellus nisi,wishlist_name
orci luctus et ultrices posuere cubilia curae,search_wishlist
jgoodson4u@i2i.jp,email
ce:e0:b7:41:e2:24,MAC_address
g4VyXc,password
turpis enim blandit mi in,wishlist_name
976-(740)949-0950,phone
13:d6:43:6b:80:2f,MAC_address
risus auctor sed tristique in tempus sit,search_wishlist
33-(259)111-5863,phone
5e:c0:73:cc:8f:7a,MAC_address
sociis,wishlist_name
tellus nisi,wishlist_name
86-(870)896-9463,phone
nulla elit ac nulla sed,wishlist_name
f0:c8:52:d5:4f:bb,MAC_address
e8:b0:4c:b3:ab:a8,MAC_address
53exNYM,password
Vf8CFmb9g2r,password
48-(134)579-2247,phone
39:03:a8:51:2f:b7,MAC_address
63-(279)986-7599,phone
tristique,search_wishlist
375-(178)557-1405,phone
purus,search_wishlist
505-(271)963-3234,phone
khargess84@php.net,email
JYRIEvN10,password
est et,wishlist_name
est quam pharetra magna ac consequat metus,search_wishlist
ante,search_wishlist
86-(380)738-6751,phone
cum sociis,wishlist_name
kluddy5c@comsenz.com,email
nulla integer,search_wishlist
egestas metus,search_wishlist
86-(887)671-1825,phone
tFlGkbWF,password
non,wishlist_name
11:b8:e6:0f:13:f9,MAC_address
cf:be:f5:7b:64:89,MAC_address
a7:10:d3:eb:87:c2,MAC_address
08:fe:ba:f6:49:af,MAC_address
nibh,wishlist_name
1-(434)540-6490,phone
abachuraq@indiegogo.com,email
nulla integer pede justo lacinia eget tincidunt,search_wishlist
679-(584)774-0912,phone
smanuello2s@bandcamp.com,email
vel,wishlist_name
93-(559)389-2432,phone
srudgard2t@craigslist.org,email
consequat lectus in est risus auctor sed,search_wishlist
86-(507)769-9483,phone
in porttitor pede justo eu massa donec,search_wishlist
duis ac,search_wishlist
orci luctus et ultrices posuere cubilia curae,search_wishlist
luctus et,search_wishlist
nunc commodo placerat praesent blandit nam nulla,wishlist_name
a nibh in quis justo,wishlist_name
quisque id,search_wishlist
OAUcnn1yMPpf,password
bwKH9qd,password
96:41:92:02:49:0d,MAC_address
47:ab:b5:05:97:a2,MAC_address
bc:4b:8b:d1:76:74,MAC_address
YNipZ4Hw,password
4a:f7:ae:e1:b6:89,MAC_address
hovIkcWdnkuV,password
mlearmouth5l@mysql.com,email
suspendisse,wishlist_name
hmcmains4x@photobucket.com,email
C6C205Ufuyaq,password
7-(408)145-2074,phone
pestcot1p@chron.com,email
VhJ5m16QcUn,password
X8KjlXAQp,password
7-(626)968-4463,phone
963-(449)275-2347,phone
mhallock4j@shareasale.com,email
nascetur ridiculus mus,search_wishlist
in faucibus orci luctus et ultrices posuere,wishlist_name
KbXJvS,password
in imperdiet et,search_wishlist
d9:f1:e6:b8:f3:03,MAC_address
ehache4v@unblog.fr,email
mduff1r@lycos.com,email
NfpsEmN,password
vestibulum ante,wishlist_name
86-(453)980-7008,phone
amet lobortis sapien sapien non mi,search_wishlist
sit amet erat nulla tempus vivamus in,search_wishlist
ca:18:ff:7b:41:d2,MAC_address
86-(764)433-5348,phone
ut massa,search_wishlist
massa,search_wishlist
haKL7aJ,password
facilisi,search_wishlist
74:c6:e8:9c:6c:46,MAC_address
id,search_wishlist
63-(659)592-3107,phone
15:79:47:89:61:42,MAC_address
256-(327)159-5572,phone
GO4sD2cfLM3,password
hmcgilben1d@accuweather.com,email
mroelvink1z@hhs.gov,email
ultrices posuere cubilia curae nulla,wishlist_name
sapien ut nunc vestibulum ante ipsum,search_wishlist
0e:0c:34:06:8b:5a,MAC_address
pede libero quis orci nullam molestie,wishlist_name
5b:f7:90:11:d7:ae,MAC_address
55-(996)904-4062,phone
nulla pede ullamcorper augue a,wishlist_name
58:7e:c3:90:5e:68,MAC_address
pharetra magna ac consequat,search_wishlist
998-(710)625-0063,phone
351-(126)307-6984,phone
87:2d:6d:58:5b:f6,MAC_address
ltournay5g@i2i.jp,email
3KPNbuvuW3,password
fWfgYIw,password
non,wishlist_name
commodo placerat praesent blandit nam nulla integer,wishlist_name
v1UJfha,password
pholtham7w@bloglines.com,email
Vf8CFmb9g2r,password
bstOIm,password
mgauvaina@sbwire.com,email
id turpis integer aliquet massa id,search_wishlist
63-(135)160-4135,phone
f6:8e:8b:20:75:0c,MAC_address
7-(122)809-4609,phone
91:84:49:76:3a:34,MAC_address
15:79:47:89:61:42,MAC_address
nulla,search_wishlist
48-(539)590-8334,phone
4wj1Tt81,password
icordeix6a@geocities.com,email
avivers61@globo.com,email
VkijybUsEFd7,password
rutrum rutrum neque aenean auctor,search_wishlist
63-(279)986-7599,phone
neque libero convallis eget eleifend,wishlist_name
in,search_wishlist
nibh in hac,search_wishlist
e0:2f:88:dd:d5:bd,MAC_address
mseaborne2j@sohu.com,email
VkijybUsEFd7,password
967-(262)514-8600,phone
Zbtzpz,password
hwaDZ8NJdxHc,password
nmcgiffins@cdc.gov,email
natoque penatibus et magnis dis parturient,wishlist_name
trealy82@cisco.com,email
proin at turpis,wishlist_name
dcristofaro74@bloomberg.com,email
234-(508)151-1554,phone
62-(624)996-1737,phone
idIEcd,password
ce:e1:15:33:d6:ac,MAC_address
quis lectus suspendisse potenti in eleifend,wishlist_name
c9:38:8e:8b:08:88,MAC_address
01:aa:03:97:51:72,MAC_address
eZmLPI3j2H8,password
ac nulla sed vel enim sit,wishlist_name
7-(817)213-1504,phone
proin,wishlist_name
XcZrEU,password
iwilcock3d@topsy.com,email
faucibus orci luctus et ultrices,search_wishlist
7CSrQw6nP,password
dd:0a:7a:af:ec:26,MAC_address
32:ea:b5:5b:90:82,MAC_address
adelouch2f@bloglovin.com,email
vel sem sed sagittis nam,wishlist_name
in,wishlist_name
a5:d2:65:f1:6e:aa,MAC_address
lcasone1f@g.co,email
B9dAEW5F2,password
