username,first_name,last_name,email,password,wishlist_name,search_wishlist
twinskill0,Tedda,Winskill,twinskill0@google.fr,HpiJYNCZs,pretium,id mauris vulputate elementum
rtubridy1,Roch,Tubridy,rtubridy1@slideshare.net,GfsQS4A9,nisi at,nulla elit ac
wdulany2,Weidar,Dulany,wdulany2@tinypic.com,dcin6xQwU3p,justo sollicitudin,in hac habitasse platea
fborth3,Florella,Borth,fborth3@oakley.com,50Dzj4N,dapibus,mattis pulvinar nulla pede
drobson4,Dukey,Robson,drobson4@illinois.edu,76gCpx6,id ornare imperdiet sapien urna pretium nisl,elementum
wbohea5,Winna,Bohea,wbohea5@google.cn,U3BddnTX2cNg,nulla eget,porttitor lorem id ligula
dtopham6,Dave,Topham,dtopham6@networkadvertising.org,EzDy5yVP,fringilla rhoncus mauris enim leo rhoncus sed,curabitur convallis
mescreet7,Mechelle,Escreet,mescreet7@sbwire.com,NXIvrxHZ1Gu0,tristique in tempus sit amet,id turpis integer aliquet
vhasley8,Velma,Hasley,vhasley8@prnewswire.com,teybbQ,rhoncus mauris enim,nulla suscipit ligula
jkinnane9,Jenna,Kinnane,jkinnane9@zimbio.com,5qlQ3vfr,platea dictumst aliquam,adipiscing lorem vitae
joxherda,Jefferson,Oxherd,joxherda@ted.com,yu7PU3UK,ultrices,dapibus augue vel
jbugdaleb,Janessa,Bugdale,jbugdaleb@furl.net,8UsEnj8jINS,quis odio,diam
ecounsellc,Edward,Counsell,ecounsellc@linkedin.com,llZCMVkFs7F,in,cursus
hbunneyd,Hermione,Bunney,hbunneyd@guardian.co.uk,EkgPKBkTD,convallis morbi odio odio elementum,mauris
lperrinchiefe,Lorri,Perrinchief,lperrinchiefe@comsenz.com,dZu4ZQZq,risus dapibus augue,vivamus metus
aswansonf,Allx,Swanson,aswansonf@springer.com,ptGZgrW,justo sit amet sapien dignissim vestibulum vestibulum,accumsan
cgerrietsg,Conrad,Gerriets,cgerrietsg@state.tx.us,OsIUZB1li,etiam justo etiam pretium,tristique fusce
mbrehauth,Myrna,Brehaut,mbrehauth@google.com.au,UovEib1u,eget,ante ipsum primis
oneemi,Osborn,Neem,oneemi@prweb.com,6Zg8CReG,felis eu sapien,orci vehicula condimentum
dtwinbrowj,Dierdre,Twinbrow,dtwinbrowj@skype.com,W7tNwF6,aliquet at feugiat non,tortor
dindek,Danya,Inde,dindek@paginegialle.it,G173yU,mattis egestas metus aenean fermentum donec ut,in
gborgl,Garvy,Borg,gborgl@epa.gov,ejUm4Hvwp5,ante ipsum primis,libero nullam sit amet
cpurvism,Chantal,Purvis,cpurvism@msn.com,vECZ8ok5Txsb,aliquet ultrices erat tortor sollicitudin mi,fermentum donec
hianiellon,Hollis,Ianiello,hianiellon@github.com,tqhLeZHO,malesuada in imperdiet et commodo vulputate justo,sed ante vivamus tortor
ibrantzeno,Ingeberg,Brantzen,ibrantzeno@usatoday.com,whFZYp9h,porttitor lacus at turpis,sit amet
rfrostp,Randie,Frost,rfrostp@ebay.co.uk,oBJs30rHJy,sed,donec diam neque vestibulum
mbetjemanq,Meryl,Betjeman,mbetjemanq@opera.com,JX22FW,est donec odio justo,erat volutpat in
cfaltinr,Corabel,Faltin,cfaltinr@dot.gov,h0oiYf86v,sed,magna bibendum
tkaves,Thelma,Kave,tkaves@yandex.ru,xXzfQGrJ,vestibulum sagittis sapien cum,donec odio
vdewickt,Vachel,Dewick,vdewickt@businesswire.com,218Qpm5Svw9,odio odio elementum eu,magnis dis parturient montes
bvalentettiu,Britteny,Valentetti,bvalentettiu@paginegialle.it,c9EvebAJ,eu mi nulla,nunc proin
dmaaszv,Dolf,Maasz,dmaaszv@walmart.com,OQyVDJ,fusce consequat nulla nisl nunc,vivamus in
hartisw,Hartwell,Artis,hartisw@gmpg.org,Xs25Z0YFR,posuere felis,convallis
fdanneilx,Frances,Danneil,fdanneilx@ucoz.ru,OwT59k,posuere,varius integer ac leo
lsimonettoy,Larry,Simonetto,lsimonettoy@bravesites.com,48uD2f,vel pede morbi,in faucibus
agerardz,Anne-marie,Gerard,agerardz@npr.org,8RoAJzPhsnOm,eleifend pede libero,sit amet eleifend pede
imaccaughey10,Inglis,MacCaughey,imaccaughey10@jalbum.net,LbcSXTt9L,aenean fermentum donec,lectus
harmitage11,Hirsch,Armitage,harmitage11@4shared.com,1SoJ6vTQ,sed,aenean lectus
wiaduccelli12,Winne,Iaduccelli,wiaduccelli12@yellowbook.com,qHhzaEUE6,vitae quam suspendisse,curae
repsley13,Rhianna,Epsley,repsley13@infoseek.co.jp,c2cFBoWF,nam dui proin leo odio,vel nisl duis ac
emacellen14,Eugenia,MacEllen,emacellen14@hostgator.com,nw4SY1eKRq,auctor gravida sem praesent,eros viverra
hdownage15,Harriett,Downage,hdownage15@webmd.com,f9WhTIjKgIj,felis eu,justo morbi ut odio
atiplady16,Amity,Tiplady,atiplady16@joomla.org,4GdtNpxDBRlh,sapien urna pretium nisl,diam
gmournian17,Georgeanne,Mournian,gmournian17@globo.com,1QwduOjK,vel augue vestibulum ante,quam pharetra
fyakovliv18,Farrel,Yakovliv,fyakovliv18@live.com,OMOPk8,ac enim in tempor,praesent blandit
gspears19,Gun,Spears,gspears19@netvibes.com,qcwceCV,cubilia curae donec pharetra magna,nam congue risus
aboulstridge1a,Avril,Boulstridge,aboulstridge1a@cargocollective.com,rdifYSVNdpI,ut odio cras mi pede,nunc viverra dapibus nulla
gcroome1b,Giselle,Croome,gcroome1b@amazon.com,Ar0OgB,diam id,nulla sed
flesser1c,Freddy,Lesser,flesser1c@symantec.com,9k5Lt6TnaM,habitasse platea dictumst etiam faucibus cursus,nulla quisque
scarden1d,Silvanus,Carden,scarden1d@europa.eu,EIZnoKzLw,eget semper rutrum nulla nunc purus phasellus,in
neakens1e,Nero,Eakens,neakens1e@yahoo.co.jp,Mn0bTvdGw,id justo sit amet sapien dignissim,diam vitae quam suspendisse
gclyne1f,Germana,Clyne,gclyne1f@about.com,SdzW8wgZfTc,sit amet,non velit nec nisi
dthomason1g,Damara,Thomason,dthomason1g@cbsnews.com,S1QpKW,in hac habitasse platea dictumst morbi vestibulum,vestibulum vestibulum ante
jdomelaw1h,Josepha,Domelaw,jdomelaw1h@tripod.com,DB3QKBnrMbY,quam turpis,leo odio
smarks1i,Shellysheldon,Marks,smarks1i@pinterest.com,hVN56ct6,in tempus sit amet sem,felis fusce
fdarwin1j,Far,Darwin,fdarwin1j@google.cn,Yz2aANcCSVH,erat vestibulum sed magna at,erat eros
obirney1k,Osbourn,Birney,obirney1k@jimdo.com,wZPO2tDn,interdum eu tincidunt in,vel dapibus at diam
ahotson1l,Anabella,Hotson,ahotson1l@etsy.com,A3qUpxJgcZVr,enim in,turpis
ejosilevich1m,Elvina,Josilevich,ejosilevich1m@shareasale.com,LJNIWBP,at dolor quis odio consequat,duis ac
dcastanares1n,Dannye,Castanares,dcastanares1n@scribd.com,yXVM0x9bLXW,vestibulum velit id,vehicula consequat
ahinckes1o,Abeu,Hinckes,ahinckes1o@state.gov,6DQKvYFFwAb,sodales sed tincidunt eu felis,rutrum nulla nunc purus
whele1p,Wendy,Hele,whele1p@latimes.com,9aNaIQiWxH,sem sed sagittis nam congue risus,pede
msurmeyer1q,Monty,Surmeyer,msurmeyer1q@google.it,U0QIUaw68vJk,dui vel,at
dwoolbrook1r,Dilan,Woolbrook,dwoolbrook1r@blogtalkradio.com,b2AI5Wqj,nulla tellus in sagittis,vel enim sit amet
gpohlak1s,Gradeigh,Pohlak,gpohlak1s@cbc.ca,GkWoD4W,lacus curabitur,nisl
ddorling1t,Doralynne,Dorling,ddorling1t@deviantart.com,OcMpRGD,rutrum rutrum neque aenean auctor,mattis nibh
cchenery1u,Courtney,Chenery,cchenery1u@google.it,ngK0GkX7HHw,turpis,tellus in sagittis
mkeeney1v,Marni,Keeney,mkeeney1v@epa.gov,vYNzVA,habitasse platea dictumst maecenas,suspendisse potenti in
bradley1w,Berk,Radley,bradley1w@printfriendly.com,3QMRGaHQh5cY,pellentesque viverra pede ac,amet turpis elementum ligula
cvater1x,Chancey,Vater,cvater1x@apache.org,aPjYSESAWQ,sollicitudin ut suscipit,tortor sollicitudin
tbernhard1y,Terrance,Bernhard,tbernhard1y@guardian.co.uk,3BCUOXFq,mattis odio donec vitae nisi nam,fermentum donec
kdevennie1z,Kristofor,Devennie,kdevennie1z@businessweek.com,5Nwv4wlTR,id ligula suspendisse ornare consequat lectus,ante vestibulum
ubeilby20,Urbano,Beilby,ubeilby20@symantec.com,0mTVYpxAoGzm,dapibus at,congue diam id
rwrankmore21,Rodolfo,Wrankmore,rwrankmore21@usatoday.com,v77oECJhJ,adipiscing elit proin risus praesent lectus,etiam justo
aoutlaw22,Albert,Outlaw,aoutlaw22@intel.com,xj7BvTbn5hTT,massa id lobortis convallis tortor risus,congue vivamus metus arcu
sespinho23,Sydney,Espinho,sespinho23@ca.gov,SyBZKmNcKn,blandit ultrices enim lorem,etiam justo
kcastagna24,Kellen,Castagna,kcastagna24@hud.gov,BCdmyYLhsEE,ac nulla sed,ipsum ac tellus
sruckert25,Siward,Ruckert,sruckert25@vimeo.com,TJU2yY,eget nunc donec quis orci,tortor
fborgbartolo26,Flory,Borg-Bartolo,fborgbartolo26@usatoday.com,kXUL5AqkKh,sit amet consectetuer adipiscing,sapien placerat
dheddan27,Demetris,Heddan,dheddan27@answers.com,fv5UYG7k,hendrerit at vulputate,sit amet erat
cverrick28,Camellia,Verrick,cverrick28@addtoany.com,6xV2QAmS,maecenas,suspendisse accumsan tortor
bconnachan29,Beryle,Connachan,bconnachan29@adobe.com,5WAZSW9JCN6K,at lorem integer tincidunt ante vel,justo morbi ut
prihanek2a,Paige,Rihanek,prihanek2a@accuweather.com,Ln3son,phasellus sit,luctus
aopie2b,Aldwin,Opie,aopie2b@theglobeandmail.com,GQlRVeXo,blandit ultrices enim lorem ipsum dolor sit,morbi ut odio cras
agowers2c,Annaliese,Gowers,agowers2c@moonfruit.com,Ate2abNwV,mauris viverra diam vitae quam,interdum mauris
dgarnett2d,Dasha,Garnett,dgarnett2d@sohu.com,rwKdioGcSQ,in purus eu magna vulputate,gravida nisi
ablinerman2e,Arnoldo,Blinerman,ablinerman2e@wiley.com,MJBPy1c54V,ipsum primis,condimentum curabitur in libero
ecancutt2f,Estele,Cancutt,ecancutt2f@engadget.com,MXap5tDZBK,at nunc,faucibus accumsan odio
eplunkett2g,Ericka,Plunkett,eplunkett2g@bandcamp.com,n9VAhCQwFRWW,quam turpis,sapien cum
btorr2h,Burtie,Torr,btorr2h@unc.edu,iwLHYXf8baD,congue etiam justo etiam,vestibulum ac est
cscotson2i,Ceil,Scotson,cscotson2i@mapy.cz,pcr8xT,sit amet lobortis,et ultrices
ypetrussi2j,Yoshi,Petrussi,ypetrussi2j@spiegel.de,LvXuswY,sed interdum venenatis turpis enim,nulla integer
bkelk2k,Blisse,Kelk,bkelk2k@house.gov,g0IUWnHvz,in leo,eu tincidunt in leo
dbraywood2l,Dolli,Braywood,dbraywood2l@utexas.edu,avjDwQ6qye4,pellentesque quisque porta,eu orci mauris lacinia
awethered2m,Andreana,Wethered,awethered2m@51.la,mrRlsH3RDk,sapien cursus vestibulum proin,cubilia
caingel2n,Constancia,Aingel,caingel2n@dailymotion.com,AnJna8Htcd,semper interdum mauris,vulputate justo
lmuddicliffe2o,Letti,Muddicliffe,lmuddicliffe2o@infoseek.co.jp,qoLw4mj,imperdiet nullam orci,vivamus
klongega2p,Kristian,Longega,klongega2p@sciencedaily.com,PwPWyYayF,erat tortor sollicitudin mi,duis bibendum felis
tpanting2q,Terese,Panting,tpanting2q@examiner.com,FjqT6OXeg,mauris,in
sglen2r,Sandie,Glen,sglen2r@networkadvertising.org,PYO0Le0KRYL,nisl,sagittis dui
rcouves2s,Roddy,Couves,rcouves2s@ycombinator.com,qVRpzfspmv,ante ipsum primis in,dis
dpatesel2t,Dottie,Patesel,dpatesel2t@msu.edu,bjL3gfIkebCu,ut at,quis tortor id nulla
npomfret2u,Nani,Pomfret,npomfret2u@examiner.com,hwTjJb,dolor sit amet consectetuer adipiscing elit,augue
pbavister2v,Paige,Bavister,pbavister2v@craigslist.org,GFSqfvaCdNqh,posuere cubilia curae duis faucibus,ipsum
mnutty2w,Myrvyn,Nutty,mnutty2w@yale.edu,1KlKh5QB,at feugiat non pretium quis lectus suspendisse,vivamus metus
kmccaskill2x,Kitty,McCaskill,kmccaskill2x@tumblr.com,GnQ6Jjvooq,tortor,vitae mattis nibh ligula
jchopin2y,Jacquelynn,Chopin,jchopin2y@opensource.org,pKhyTuYj,at nulla suspendisse,luctus et ultrices
pjanovsky2z,Patrizio,Janovsky,pjanovsky2z@ibm.com,qq38FR8fKE0,montes nascetur ridiculus mus vivamus,et eros vestibulum
cgowing30,Correy,Gowing,cgowing30@vimeo.com,zUTVBn,quam fringilla rhoncus mauris enim leo rhoncus,ut dolor morbi
dkunrad31,Dall,Kunrad,dkunrad31@networksolutions.com,oRsffja,maecenas tristique est,erat curabitur gravida
tmackenny32,Towney,MacKenny,tmackenny32@reverbnation.com,Nq3Lx21KHx,viverra dapibus nulla,amet sem fusce
sbrownell33,Sheila-kathryn,Brownell,sbrownell33@smugmug.com,vx1R2gH,nam dui proin leo odio porttitor,vestibulum proin eu mi
cmuttitt34,Celestyn,Muttitt,cmuttitt34@wikimedia.org,t219G7qd8,ornare imperdiet,rutrum
rkorneluk35,Rivi,Korneluk,rkorneluk35@dyndns.org,NpRuPegOR,duis faucibus accumsan,rutrum neque
mokeeffe36,Mellisent,O'Keeffe,mokeeffe36@biglobe.ne.jp,fywwkbxoR6Eb,aliquam convallis nunc,sit amet
rfaichney37,Reidar,Faichney,rfaichney37@mlb.com,UdLnKQI2ou,ac consequat metus sapien ut,natoque penatibus
difill38,Dermot,Ifill,difill38@artisteer.com,T2OdAHF9y,eget rutrum,maecenas rhoncus
mwalicki39,Minna,Walicki,mwalicki39@icq.com,N0szgsZSI,quisque ut erat curabitur gravida nisi,dui proin leo
ljaze3a,Leonard,Jaze,ljaze3a@blog.com,yBs8XTiMSz3f,mattis pulvinar,volutpat sapien arcu sed
cminchinton3b,Connie,Minchinton,cminchinton3b@google.fr,LzM6rEg0,quisque porta volutpat erat quisque erat eros,bibendum
eoverland3c,Esma,Overland,eoverland3c@gmpg.org,ZNfnhVlDj,rhoncus sed vestibulum sit amet,luctus et ultrices
rcokely3d,Ruthann,Cokely,rcokely3d@squidoo.com,fx6d6oz,lacinia erat,nullam porttitor lacus
dedgett3e,Dwain,Edgett,dedgett3e@opera.com,v5WxQ6iu,faucibus orci luctus et ultrices,sed justo pellentesque viverra
tthomassin3f,Tracee,Thomassin,tthomassin3f@va.gov,wVue72GLteZF,felis eu sapien cursus vestibulum,mauris enim leo
maidler3g,Meade,Aidler,maidler3g@youtu.be,yNxfbgMdOb3e,tempus,vel pede
ldunkerly3h,Leese,Dunkerly,ldunkerly3h@ucsd.edu,Kp8TAXiwz,sed lacus morbi sem mauris laoreet ut,enim lorem ipsum dolor
jfurmenger3i,Joelle,Furmenger,jfurmenger3i@huffingtonpost.com,3NyDIq1D,volutpat,cubilia
rvictoria3j,Rodi,Victoria,rvictoria3j@ucsd.edu,CVI1LX8NxRA,in quam fringilla rhoncus mauris,sed accumsan
wkrauss3k,Wald,Krauss,wkrauss3k@hao123.com,d28k8smu2,ac,velit nec nisi vulputate
sarthurs3l,Sascha,Arthurs,sarthurs3l@aol.com,TkMdG3OVpBe,orci pede venenatis non sodales,suscipit
cpaute3m,Cyrill,Paute,cpaute3m@accuweather.com,dxGqoJCjG,fusce lacus purus aliquet at,porttitor lorem id ligula
ffaughny3n,Feodor,Faughny,ffaughny3n@nsw.gov.au,y9rE4f8xUkU,id justo,aliquet pulvinar
shubane3o,Sholom,Hubane,shubane3o@blinklist.com,yhhsy4,in,aliquet
akock3p,Addy,Kock,akock3p@goo.ne.jp,fU9lyAQCF,sapien cursus,lacinia erat vestibulum
egodar3q,Efrem,Godar,egodar3q@sphinn.com,zI8MQmVQ,consequat ut nulla sed,velit donec diam neque
rastill3r,Ragnar,Astill,rastill3r@typepad.com,d9ehRT3qvXiv,nullam orci pede venenatis,vitae nisl aenean
stavner3s,Shepperd,Tavner,stavner3s@macromedia.com,lah9SS6l2oT,orci vehicula condimentum curabitur in libero ut,pellentesque quisque
djenkyn3t,Deloris,Jenkyn,djenkyn3t@theatlantic.com,5R0FDRhAJ8K,augue a,eget
cpinsent3u,Clemmy,Pinsent,cpinsent3u@gravatar.com,FH5c3wg2sjF,rutrum neque,in
icolrein3v,Ignaz,Colrein,icolrein3v@arstechnica.com,GzPI6Kcr71p,ac lobortis vel dapibus at diam nam,hac
pelvey3w,Port,Elvey,pelvey3w@booking.com,xmZEojhY,luctus et ultrices posuere cubilia curae donec,eget orci vehicula condimentum
kgreenstock3x,Kevyn,Greenstock,kgreenstock3x@pcworld.com,cMaZZOHRA,nulla,leo pellentesque ultrices
ariply3y,Amerigo,Riply,ariply3y@i2i.jp,c45E0RIzK,mauris eget massa,luctus
lgrix3z,Lynda,Grix,lgrix3z@wix.com,EbU1VtaY0Fe,sodales scelerisque,iaculis congue vivamus metus
abarrett40,Ali,Barrett,abarrett40@elegantthemes.com,35sDFS8n,vestibulum ante ipsum primis in faucibus orci,turpis
ksumnall41,Kaitlin,Sumnall,ksumnall41@google.pl,NA6Mnudr,pharetra magna ac,rutrum ac
cklaaassen42,Celestine,Klaaassen,cklaaassen42@meetup.com,cqebwa0Rt5m,nec nisi,turpis donec
cgoldhill43,Cedric,Goldhill,cgoldhill43@wsj.com,3XQuAA2D,mi nulla ac,eget massa
mcupitt44,Morlee,Cupitt,mcupitt44@nature.com,QxllmsbqgiYb,ante ipsum primis in faucibus orci luctus,a ipsum integer a
kupchurch45,Kerr,Upchurch,kupchurch45@people.com.cn,yhQsSI7HxvVn,consectetuer eget rutrum,ullamcorper augue
lclericoates46,Lethia,Clericoates,lclericoates46@gnu.org,FLrKbHSm,donec dapibus duis,risus auctor sed tristique
bespadater47,Beatriz,Espadater,bespadater47@google.fr,EIf4xPV6,nec molestie sed justo pellentesque viverra,ultrices posuere cubilia curae
dkermeen48,Doti,Kermeen,dkermeen48@stumbleupon.com,O7S3dI9EgnxG,aenean fermentum donec ut mauris,nibh
ggooddy49,Greer,Gooddy,ggooddy49@surveymonkey.com,TzReuwI,posuere cubilia curae,nec
seayres4a,Stanleigh,Eayres,seayres4a@reuters.com,x9zYsaJHjF9t,convallis tortor risus,semper est quam
kvittle4b,Korney,Vittle,kvittle4b@bbb.org,uG5Cyd6EPXu,donec semper sapien a libero nam dui,felis donec semper sapien
avazquez4c,Alexine,Vazquez,avazquez4c@mapquest.com,d1AOtTkrqDm,porttitor lacus,integer ac neque
leburah4d,Laurena,Eburah,leburah4d@prlog.org,zJ3gB95qTBD,nisi nam ultrices libero,velit donec diam neque
ycammomile4e,Yuma,Cammomile,ycammomile4e@meetup.com,VOo6jEMC7,sit,luctus rutrum nulla tellus
slipgens4f,Steffi,Lipgens,slipgens4f@addtoany.com,DTBLWSTkLmk,sit amet lobortis sapien sapien,vel
bcollison4g,Blair,Collison,bcollison4g@omniture.com,ngDtNNYc,urna ut,consectetuer adipiscing elit proin
acalloway4h,Aida,Calloway,acalloway4h@infoseek.co.jp,21P9IYN,convallis tortor risus dapibus augue vel accumsan,ac lobortis
wcockburn4i,Wesley,Cockburn,wcockburn4i@sciencedirect.com,W6pY8fI,turpis elementum ligula vehicula consequat morbi,condimentum
gdronsfield4j,Glori,Dronsfield,gdronsfield4j@amazon.com,ahbXdX4B,non,etiam pretium
creek4k,Carey,Reek,creek4k@mayoclinic.com,Lf0nPNs,lacus morbi sem mauris laoreet,integer tincidunt ante
scoleby4l,Simona,Coleby,scoleby4l@alexa.com,BIipjpDcKNn,in eleifend,interdum in
jhynd4m,Justino,Hynd,jhynd4m@blogtalkradio.com,inZMJabPW4,mus etiam vel augue vestibulum rutrum,ultrices posuere cubilia curae
sgrisedale4n,Sylas,Grisedale,sgrisedale4n@clickbank.net,hRQ2uN4,quis odio consequat varius integer ac leo,tempus vivamus in
mpester4o,Margeaux,Pester,mpester4o@merriam-webster.com,DBSbO9,quam nec dui luctus rutrum nulla,luctus cum
wsegeswoeth4p,Waylan,Segeswoeth,wsegeswoeth4p@bloglines.com,qzyF5FTh,dui maecenas tristique,accumsan felis ut
skellet4q,Sasha,Kellet,skellet4q@surveymonkey.com,mcYzxT,nascetur ridiculus,montes nascetur ridiculus mus
mgudgion4r,Melisenda,Gudgion,mgudgion4r@t.co,aUnoLFKO5,amet,dictumst morbi vestibulum velit
ikingswood4s,Idelle,Kingswood,ikingswood4s@google.it,xKoCIDez93x,posuere,sem
bdawley4t,Blaire,Dawley,bdawley4t@cpanel.net,oET55Zo,sapien in sapien,vitae
cbucktrout4u,Charleen,Bucktrout,cbucktrout4u@hugedomains.com,GrIo4DTMi,leo,interdum venenatis
educkerin4v,Eran,Duckerin,educkerin4v@msn.com,DuqYQXpzh,sem sed,proin eu
ypotkins4w,Yelena,Potkins,ypotkins4w@uol.com.br,E1RzwtujGzw,sapien quis libero nullam sit amet,purus phasellus
sreinbach4x,Suzi,Reinbach,sreinbach4x@nasa.gov,7WAy5HX,turpis sed ante vivamus tortor,odio justo sollicitudin
gwildor4y,Gabby,Wildor,gwildor4y@alibaba.com,eYhvwQs,massa id lobortis convallis tortor,purus
wkluss4z,Winna,Kluss,wkluss4z@time.com,GLjRCS,nibh in quis justo,posuere
ekilpatrick50,Emlyn,Kilpatrick,ekilpatrick50@icq.com,mqRtHW8c,sem mauris laoreet,justo lacinia eget tincidunt
taylesbury51,Terrijo,Aylesbury,taylesbury51@cam.ac.uk,Jj43dE0dgN,lobortis sapien sapien non,pulvinar
cbilham52,Courtney,Bilham,cbilham52@github.com,v5zvlN,risus semper porta volutpat quam,in tempor
gstannis53,Glenden,Stannis,gstannis53@hibu.com,0DmrSK,lectus in est risus,enim lorem
fbaldery54,Floyd,Baldery,fbaldery54@lulu.com,dUjsJS,et magnis dis,non ligula pellentesque
esmail55,Eal,Smail,esmail55@cisco.com,oke2vMssk5W,sodales scelerisque mauris sit amet,ultrices
pjustham56,Phelia,Justham,pjustham56@comcast.net,ZZJB9VBLC6j,odio,molestie
dsimnett57,Donetta,Simnett,dsimnett57@aboutads.info,26mZT6,nulla,nulla integer
eblackbrough58,Elvira,Blackbrough,eblackbrough58@free.fr,dFHWFIZ,id ornare imperdiet sapien urna,scelerisque mauris sit
nivory59,Nicholle,Ivory,nivory59@issuu.com,wB6AD2Y,risus praesent lectus vestibulum quam sapien varius,sapien ut
wcodeman5a,Waldon,Codeman,wcodeman5a@github.com,qlydCdmI,luctus et,condimentum curabitur in
zleglise5b,Zea,Leglise,zleglise5b@creativecommons.org,KDqBAYNg8a4Y,accumsan,libero
dcastelot5c,Denis,Castelot,dcastelot5c@google.ru,rC01Bz8F4B,interdum in ante vestibulum ante ipsum,luctus nec molestie
rmassel5d,Rogerio,Massel,rmassel5d@feedburner.com,y6Oyx0,vestibulum eget vulputate ut ultrices vel,volutpat erat
nbaytrop5e,Nelie,Baytrop,nbaytrop5e@mysql.com,DL6pub,convallis tortor risus dapibus augue vel accumsan,sem praesent id
bfeaviour5f,Bradley,Feaviour,bfeaviour5f@omniture.com,WnLmmSmA,amet justo morbi ut odio,odio cras mi
gmaccrossan5g,Grissel,MacCrossan,gmaccrossan5g@yahoo.co.jp,Qpar4ibPM,mi pede malesuada,donec
icronchey5h,Irina,Cronchey,icronchey5h@go.com,3MSMOdOE,tristique,nulla ac enim
lminocchi5i,Lucho,Minocchi,lminocchi5i@mayoclinic.com,ddGMwjzh0,lacus morbi sem,mauris enim leo rhoncus
arikel5j,Anna,Rikel,arikel5j@nba.com,vI3uwrAAjrfU,gravida,turpis adipiscing lorem vitae
