wishlist_name,search_wishlist,phone,email,password,MAC_address
vestibulum proin eu mi nulla,euismod scelerisque quam turpis adipiscing,420-(618)122-6181,mdarracott0@about.me,hwaDZ8NJdxHc,2a:a3:c5:6d:a4:80
tellus,volutpat erat quisque erat eros viverra eget,679-(584)774-0912,opiris1@chron.com,HQx1hfZwxE,56:19:44:e7:c1:9f
turpis donec posuere metus vitae ipsum,donec posuere metus,380-(756)304-7972,jbrunsen2@salon.com,cMpfo0L,84:97:b5:5a:49:e8
neque aenean auctor gravida,lobortis sapien sapien non,880-(315)969-9738,mroberts3@blogs.com,NfpsEmN,bb:c3:a6:15:86:c9
rhoncus sed,ipsum dolor sit,355-(567)660-3090,bkaas4@seattletimes.com,9b5TiR,19:c9:3b:3a:50:3c
nonummy maecenas tincidunt lacus at velit,luctus,82-(451)182-5365,qnortunen5@freewebs.com,Vpp3aWVNdh,f4:53:19:0a:ef:0b
neque libero convallis eget eleifend,luctus tincidunt nulla mollis molestie lorem,86-(355)915-3824,cziemen6@europa.eu,AlmzOh1LrAOe,58:7e:c3:90:5e:68
cras non velit nec nisi vulputate nonummy,tellus in sagittis dui,389-(294)643-4775,dmcminn7@networkadvertising.org,HWFfcpj,01:aa:03:97:51:72
eu orci mauris lacinia sapien quis,et ultrices posuere cubilia curae donec pharetra,994-(517)884-4519,cedards8@storify.com,NXAITJtLzhJT,b3:3b:53:9d:05:f6
molestie hendrerit,nulla dapibus dolor vel est donec odio,380-(590)484-3995,cgardener9@imageshack.us,AKK9PXD,5b:f7:90:11:d7:ae
pede ullamcorper,integer ac neque duis,359-(584)857-4680,mgauvaina@sbwire.com,hl3kttiv9,be:8a:ef:fb:44:29
nam nulla integer pede,nisl,7-(412)189-9248,tpedicanb@so-net.ne.jp,STRxpC7nLaf,08:0c:d5:cf:b5:8f
quisque porta volutpat erat quisque,neque sapien,48-(393)263-2103,djirac@epa.gov,OFKPGyB96,c9:b3:cf:8d:aa:c2
molestie,ligula vehicula consequat,1-(203)839-0107,jfullardd@wikispaces.com,fG6ssH5tFvb,0c:12:dd:bd:bd:f6
id nisl,nibh fusce lacus purus aliquet at feugiat,81-(476)918-4062,jwoolliamse@ocn.ne.jp,0PgKuL,e7:ac:28:b8:f8:c8
imperdiet nullam,mi in porttitor pede justo eu,51-(698)242-5865,rcottomf@storify.com,DLL9cKUj,e6:4e:28:81:6f:81
vulputate justo in blandit ultrices,eget semper rutrum nulla nunc purus phasellus,46-(504)845-1753,aeveryg@dot.gov,VkijybUsEFd7,aa:e8:68:e4:97:29
pretium iaculis justo in hac habitasse,iaculis diam erat,62-(940)197-8693,cdargavelh@zdnet.com,HihPrcCQP,86:1a:5e:38:0d:c9
pretium iaculis diam erat,vestibulum vestibulum,7-(929)724-8760,tpiattoi@va.gov,Ir0wgH3EeB,13:d6:43:6b:80:2f
rhoncus dui vel,quam fringilla rhoncus mauris,595-(877)609-5917,muffj@twitpic.com,2ugLafR,53:0f:32:17:fa:fc
ipsum primis in,ipsum integer a nibh in quis,351-(753)126-1387,rcordelk@topsy.com,L8CgpRj2,87:2d:6d:58:5b:f6
a ipsum integer a,nec sem duis aliquam convallis,86-(256)812-6081,bmcclevertyl@msu.edu,XIQM8lcXW5rU,fd:14:44:7a:96:ee
pretium quis lectus,sem mauris laoreet ut,47-(296)214-6156,astudmanm@cam.ac.uk,HywXWThhmAo,53:2d:d7:5e:61:38
ut,ac,970-(685)357-6345,ltrundlern@miitbeian.gov.cn,ylBNkmQn,c4:5a:d6:03:99:a5
at feugiat non pretium,eleifend pede,55-(996)904-4062,bjoseo@51.la,dLhi9Y2OX,69:3e:73:1b:7d:03
nunc commodo placerat praesent blandit nam nulla,justo pellentesque viverra pede ac diam,380-(127)232-5529,nhawkeyp@alibaba.com,tjh6cc,eb:ab:7f:26:1c:93
non lectus aliquam sit,rutrum at lorem integer tincidunt,1-(433)257-6029,abachuraq@indiegogo.com,dsDKBio,0d:26:85:60:7e:6e
odio condimentum id luctus,est quam pharetra magna ac consequat metus,57-(350)215-5142,achazetter@dagondesign.com,L129cj2,e0:2f:88:dd:d5:bd
aliquet,feugiat et,1-(989)368-5434,nmcgiffins@cdc.gov,LwcSa41,99:eb:96:be:4a:23
ac neque,aliquam lacus,86-(705)406-5711,hwillbrahamt@bloomberg.com,vyhuYo73h4,ad:e1:f3:8b:28:30
consectetuer adipiscing elit,maecenas pulvinar lobortis est phasellus,225-(843)971-5402,evidau@princeton.edu,kT8ixu,6e:0e:45:61:d4:6e
fringilla rhoncus mauris enim leo rhoncus,nulla elit ac nulla,62-(383)762-1792,egritlandv@myspace.com,Gw2qTgQ,53:94:39:06:6e:58
ornare consequat lectus in,consequat metus,86-(702)401-4325,adonoghuew@meetup.com,A2NGLxM9,4f:b3:f0:84:60:93
lacinia,nunc commodo placerat praesent blandit,62-(624)996-1737,srehmex@intel.com,2c7T0vi38E,79:ff:a3:d0:11:92
non lectus aliquam,nam ultrices libero non mattis,46-(122)521-8906,adigiorgioy@mozilla.org,yHC7ekpVbkX,c9:ed:d9:fe:30:50
justo eu massa donec,maecenas,7-(606)678-6380,bmcmychemz@liveinternet.ru,2c2k3iHGN,0d:e4:b7:b7:29:26
eget tempus vel pede morbi,sit amet justo morbi,63-(883)134-6230,dpresland10@icq.com,DMDGY2ymBhP,14:b7:27:df:d1:2d
ut massa quis augue luctus tincidunt nulla,morbi sem mauris laoreet ut rhoncus aliquet,54-(778)840-2641,arein11@bloglovin.com,Tu6o31vnTRor,34:2a:f0:df:9a:54
vel augue,augue aliquam erat volutpat in congue etiam,63-(778)910-2693,afigg12@shop-pro.jp,T36AVh,a1:63:c7:b3:c6:3c
turpis a,lacus at,86-(618)715-3167,fledes13@pinterest.com,uDmRUx7UB,15:79:47:89:61:42
convallis nulla neque libero convallis eget eleifend,nunc proin at turpis a pede posuere,1-(434)540-6490,jvokes14@canalblog.com,O4yJwRZi,ad:17:26:26:4f:88
faucibus orci luctus et ultrices posuere cubilia,et,46-(216)217-8968,dsleit15@bloomberg.com,I6dFJbD,51:1c:36:6d:ce:53
tempus sit amet sem fusce,vulputate nonummy maecenas tincidunt lacus,1-(516)771-9032,fgoulder16@sun.com,LATQzzNEKY,11:b8:e6:0f:13:f9
volutpat erat,sapien,48-(353)362-4230,fgowrie17@flickr.com,JILM2Kf,c0:c4:7d:3b:42:b6
hac habitasse platea dictumst,ipsum,52-(146)373-4286,pputtnam18@ed.gov,rha5s8K4GYS,af:91:35:10:68:e5
sociis,ullamcorper augue a suscipit nulla elit,86-(478)174-0788,lvoas19@independent.co.uk,ah8P5QXR,46:6e:87:01:0d:59
accumsan felis ut,nascetur ridiculus mus,375-(178)557-1405,miannazzi1a@theatlantic.com,E8p7VWT5,79:b2:78:a9:45:25
velit nec nisi vulputate nonummy maecenas tincidunt,ultrices posuere cubilia curae,63-(176)141-1905,hsyred1b@alexa.com,KQh5yZi,cb:38:02:18:88:ee
ut ultrices vel augue vestibulum ante,augue,48-(105)818-1376,dflewett1c@home.pl,nWKYycAa1bz,11:7b:ca:de:09:7c
eu est congue elementum,eleifend donec ut dolor morbi vel lectus,57-(595)327-4922,hmcgilben1d@accuweather.com,XnMuIU,96:41:92:02:49:0d
dapibus,risus semper,86-(453)980-7008,nensten1e@amazon.co.jp,0FjbC7PBhS,d8:31:0b:18:6b:2a
morbi sem mauris laoreet ut rhoncus,pede,86-(507)769-9483,lcasone1f@g.co,RiKzzlkuJwpz,05:35:69:cc:51:70
pede morbi porttitor,mi pede malesuada,86-(764)433-5348,gshiers1g@lycos.com,JYRIEvN10,42:0e:6a:8f:3e:7a
eu,sit,33-(793)301-2922,bfreed1h@si.edu,4wj1Tt81,b3:97:f7:42:e3:cf
tellus nisi,in porttitor pede justo eu massa donec,60-(451)415-6462,kbambery1i@stumbleupon.com,hiGNEeg1,91:84:49:76:3a:34
integer tincidunt ante vel ipsum praesent blandit,faucibus cursus urna,52-(791)646-4078,ebernet1j@1und1.de,OQhZCMhlJ,39:ee:61:3a:9c:f4
mauris,sapien,86-(631)533-1588,tchidgey1k@blinklist.com,B3HV5jupos,52:10:74:dd:cd:c0
augue vel accumsan,dapibus augue vel,86-(540)190-0015,dbatchellor1l@yandex.ru,y9aJL2SnX,1b:ff:00:b4:9f:bf
sapien,amet nulla quisque arcu libero rutrum ac,86-(401)985-1410,lcandwell1m@wikimedia.org,4fUyX4Shy6Yv,05:44:af:36:34:44
justo aliquam quis turpis eget elit,id justo,968-(878)268-5639,nseago1n@hud.gov,meDXQw1Ehfu4,d9:f1:e6:b8:f3:03
hendrerit,tortor sollicitudin mi sit,351-(640)757-5722,cgipps1o@craigslist.org,etflNaeXDHei,8e:7f:d4:e2:24:b3
tristique in tempus sit amet sem,tristique est et tempus semper est quam,86-(602)506-3999,pestcot1p@chron.com,HMlBt9tkdpD,f8:b9:c3:c0:0d:5d
nibh,mauris laoreet ut rhoncus aliquet pulvinar,30-(710)394-9032,xsisneros1q@google.com.hk,A4MY9cXJ1D9,14:97:65:11:68:fc
gravida sem,lectus suspendisse potenti in,66-(988)718-3357,mduff1r@lycos.com,O48Fcex7wPVX,c6:16:5b:ad:40:01
augue a,posuere nonummy,86-(387)617-0632,abyrnes1s@yahoo.com,tcscwq,41:5a:07:aa:c8:85
magna vestibulum aliquet ultrices,orci nullam molestie,62-(588)669-2345,tsandal1t@ucoz.ru,zpV6pdRSgxZ,89:d1:87:4c:ba:74
diam,primis in faucibus orci luctus et ultrices,31-(243)277-6097,rhandforth1u@geocities.jp,2PnI93o,2c:a8:2b:0e:ea:28
suspendisse,morbi vel lectus,63-(664)235-9964,riowarch1v@businessinsider.com,bCiu8J,7e:c5:ba:02:43:ec
ante vel,sit amet erat nulla tempus vivamus in,256-(327)159-5572,cszimon1w@yale.edu,kbqY7Zrd3h,cc:dc:90:c6:2a:9d
turpis enim blandit mi in,enim,225-(789)578-9582,dshawel1x@ask.com,OabODehByw,90:42:b6:4e:68:2f
quam turpis adipiscing,quisque id justo sit amet,351-(956)810-6777,hslobom1y@addtoany.com,cHMuYgW4JvD6,05:c6:69:08:12:2a
montes nascetur ridiculus mus etiam vel,ultrices phasellus id,63-(470)204-3238,mroelvink1z@hhs.gov,fBJmAWbB0C,df:ee:bf:c2:e1:a8
justo lacinia eget tincidunt eget tempus vel,nascetur ridiculus,86-(427)901-9335,lfarran20@histats.com,q2epmQ4l,28:dc:9e:06:26:f1
quis tortor id nulla ultrices aliquet,tortor quis turpis sed ante,378-(894)522-1614,gconwell21@blinklist.com,ZNlFCIjf,ec:31:7d:2d:65:61
natoque penatibus et magnis dis parturient,congue diam id,370-(505)830-2187,svidgeon22@mail.ru,8r2gav,92:58:dc:60:7c:8c
ligula suspendisse ornare consequat,varius nulla facilisi cras non velit nec,1-(907)894-8111,kpill23@php.net,rJLOyIyB0rF,a1:df:17:1a:3a:17
ante vel ipsum praesent blandit,ultrices,976-(740)949-0950,bhens24@youku.com,2vFpIcHJpD,42:be:00:d7:93:ab
dui nec nisi,vestibulum rutrum rutrum neque,7-(829)158-0541,efoltin25@sourceforge.net,coVwr7POL,c2:17:cb:47:71:81
ut massa quis augue luctus tincidunt nulla,tincidunt lacus at velit vivamus,52-(498)506-9531,kgallelli26@theatlantic.com,EPkoMpFXB,f0:c8:52:d5:4f:bb
elementum eu interdum eu tincidunt in leo,luctus cum sociis natoque penatibus et,86-(120)161-2949,etunny27@weebly.com,1Y7U5lNXw8,ec:d6:6f:51:7c:fa
in,erat vestibulum sed magna at,383-(764)678-2612,dhearnaman28@goodreads.com,VDXsgq7D,f2:af:c0:e8:9b:7b
tortor risus dapibus augue vel accumsan tellus,volutpat convallis morbi,63-(135)160-4135,esleeman29@behance.net,Rj251vk6Jd,39:00:fe:ea:c3:46
varius nulla facilisi cras non velit nec,maecenas tristique est,503-(340)104-6660,dcarroll2a@umich.edu,idIEcd,8d:25:a5:dd:7e:71
volutpat convallis,augue vestibulum rutrum rutrum neque aenean auctor,371-(397)296-2173,ttellenbroker2b@nationalgeographic.com,zYArquwCqh5,a1:0c:8f:14:fb:69
et,nunc proin at turpis a pede,55-(881)287-3106,ahazeldean2c@google.de,pkmGQqqh,ec:3b:5c:36:94:65
id mauris vulputate elementum nullam varius,posuere cubilia curae duis,351-(356)258-6942,npower2d@dion.ne.jp,kxHRYD3b0XA,b2:f7:e1:61:7f:8f
aliquam non,odio justo sollicitudin ut suscipit a,55-(333)316-4758,esliman2e@multiply.com,O1daHjU,9a:8c:49:d5:b0:b9
accumsan,vestibulum velit,385-(627)603-6040,adelouch2f@bloglovin.com,hjkh1aE,59:9f:2f:31:4a:37
nisi volutpat eleifend donec ut,ultrices erat tortor sollicitudin mi sit,81-(820)861-5014,rsabater2g@un.org,ipCqsxJakcU,3d:eb:a8:3e:ad:74
venenatis,rhoncus mauris,62-(241)208-4663,wswayte2h@craigslist.org,aswwcnCf,f1:32:8a:50:e7:07
pede malesuada in imperdiet et commodo vulputate,sit amet,63-(659)592-3107,pcayser2i@merriam-webster.com,Fk4GaX,dd:9a:00:d4:23:e2
vehicula condimentum curabitur in,leo odio,81-(457)415-8186,mseaborne2j@sohu.com,s0V5cWB,ac:98:f1:33:0f:01
ridiculus mus etiam vel augue,dolor vel est,30-(747)109-5862,adunseith2k@usgs.gov,59BcRjzVH8,63:aa:f8:fe:77:a8
justo sit amet sapien dignissim vestibulum,vulputate elementum nullam varius nulla,66-(409)255-1083,cmcdavid2l@latimes.com,OhF2b6A2u,da:25:29:ed:8a:bc
quis lectus suspendisse potenti in eleifend,imperdiet nullam orci pede venenatis,86-(870)896-9463,mosmond2m@comsenz.com,apM2wR6Lek,ec:23:4f:6b:a2:c7
dui maecenas tristique est et tempus semper,tortor duis mattis egestas,687-(621)426-7493,efurniss2n@china.com.cn,tShAyywir1O2,0e:f1:19:c5:9d:b6
ac diam,sapien dignissim vestibulum vestibulum ante ipsum,7-(411)911-3943,elineham2o@paypal.com,gJ1RX56M4yVQ,28:c6:e4:0c:07:40
nascetur,nulla,381-(331)664-3486,wfishpond2p@forbes.com,haCFeI33Rb,f1:f1:6c:84:51:5c
viverra dapibus nulla suscipit ligula,etiam vel augue,1-(217)682-3873,lgoffe2q@stumbleupon.com,7NINMos,df:19:7e:d8:5e:22
nibh fusce lacus purus,neque aenean auctor,63-(365)227-3260,abakster2r@phoca.cz,bstOIm,e0:3f:92:fa:70:50
id massa,pede justo eu massa donec dapibus duis,269-(940)971-9396,smanuello2s@bandcamp.com,2ymr2N4,68:91:5b:00:a0:96
sed justo pellentesque,consequat morbi a,48-(914)442-2867,srudgard2t@craigslist.org,DzsQpxj,32:00:9a:da:dd:79
commodo vulputate justo,ac consequat metus sapien,86-(206)984-0753,aludlam2u@tripod.com,CgTNSXvz,d2:81:17:69:de:69
pede ullamcorper augue a suscipit,massa donec dapibus duis,92-(451)130-7568,mjosephsen2v@unicef.org,agWQnH0SvYn,d4:5f:7b:89:64:e4
lorem quisque ut erat curabitur,id turpis integer aliquet massa id,46-(605)527-4688,ajakubowsky2w@dailymail.co.uk,L9vVuWWdfG6,a3:78:07:45:a2:7e
donec dapibus duis at,ligula pellentesque,380-(701)728-0549,jfrayling2x@ucoz.com,zt9nF3Lnhl9,d5:b4:02:9f:6b:7a
pede,morbi odio odio elementum,351-(376)734-9651,lbomfield2y@parallels.com,vs87hma8OngO,bf:e8:fc:f8:c2:ab
ut nunc vestibulum ante ipsum primis in,faucibus orci luctus et ultrices,86-(572)525-2284,msiburn2z@latimes.com,JEvYSn,bb:bd:0a:99:9a:bf
ultrices aliquet maecenas leo odio condimentum,amet nulla quisque,86-(380)738-6751,jheningam30@prlog.org,4gb2jpX1jh,7b:94:ad:bf:5a:dd
posuere,duis ac,93-(818)795-8569,jbenduhn31@squarespace.com,qTnCdGCOmEm,e0:81:66:de:53:42
platea,quis libero nullam sit amet turpis elementum,994-(638)438-6531,gpero32@aboutads.info,Dl5mbWr,ac:4b:a9:16:a4:7a
non sodales sed tincidunt eu felis,lobortis ligula sit amet eleifend pede,62-(342)288-7070,eackrill33@feedburner.com,DkYKqftO16,6e:8f:26:f6:e8:75
donec quis orci eget orci vehicula condimentum,purus eu magna vulputate,7-(465)399-9223,bstellman34@odnoklassniki.ru,aXCVV2meq2Q,82:3e:65:47:d5:56
maecenas pulvinar lobortis est phasellus,mi in,48-(721)588-3726,amingey35@illinois.edu,W6lYtZEM3Qr,50:cb:72:67:53:fd
nulla elit ac nulla sed,ipsum aliquam non mauris,60-(214)107-1876,mkilgallon36@zdnet.com,bLEmZG2kE,aa:00:36:98:5f:a2
vestibulum eget vulputate ut ultrices vel,vitae nisl aenean lectus,234-(508)151-1554,bwakeford37@homestead.com,87Hg2SmFG24,0c:db:5a:1b:96:65
in faucibus orci luctus et ultrices posuere,turpis eget elit sodales scelerisque mauris sit,7-(898)370-9310,glambrechts38@google.de,j6KEeD2K7mEe,dc:1d:88:bd:ad:f5
pulvinar lobortis est,ut massa,351-(513)228-4688,wdarridon39@scientificamerican.com,n2sCXYTI,35:b4:db:fd:7c:ae
cum,lacus at velit vivamus vel nulla eget,7-(817)213-1504,lbuddington3a@forbes.com,YjhYGjW2L,cf:24:7b:80:12:68
tristique fusce congue diam id,consequat lectus in est risus auctor sed,972-(130)721-1603,mwarmisham3b@studiopress.com,Agj1zpHaWPG,43:4b:b1:1a:c4:a6
nulla pede ullamcorper augue a,quam sapien varius,81-(343)539-4456,cdandison3c@marketwatch.com,Vf8CFmb9g2r,35:81:39:e5:97:60
sit amet lobortis,non mauris morbi non lectus,244-(236)569-1303,iwilcock3d@topsy.com,wOQtf95,95:37:66:e5:e0:34
volutpat sapien arcu sed augue aliquam erat,sed vel enim sit amet nunc viverra,55-(864)411-7962,mdumphry3e@webeden.co.uk,0JdPHBqK,c2:c3:1f:0b:4f:d8
ante vestibulum,morbi porttitor lorem id ligula suspendisse ornare,380-(804)493-9535,ctonsley3f@smh.com.au,950pBGZ43s9g,b8:c5:f4:e5:d3:cd
eget eleifend luctus ultricies,in imperdiet et,86-(887)671-1825,fhuc3g@elpais.com,RZ3uRL,fe:01:d5:08:c9:50
vel,dapibus,33-(303)216-5045,fbuchan3h@macromedia.com,WDDdzPdoM,10:f6:1e:7a:ef:ab
vitae mattis nibh ligula nec sem duis,sed vel enim sit amet nunc,63-(279)986-7599,mmaskew3i@xinhuanet.com,gaXkWtrZ,74:c6:e8:9c:6c:46
platea dictumst maecenas ut massa,amet turpis elementum ligula vehicula consequat morbi,380-(280)109-0448,cdairton3j@csmonitor.com,oAV48uJB,b3:38:b6:23:c1:82
ligula suspendisse ornare,congue risus semper porta volutpat quam,46-(197)485-0209,wkuhne3k@independent.co.uk,a8POuJXmtbK6,81:ca:3b:e3:87:10
sapien sapien non mi integer,aliquet pulvinar sed nisl nunc rhoncus,86-(550)173-8923,melkins3l@arstechnica.com,FKqkTTo,af:7e:38:cc:27:04
fermentum justo,condimentum curabitur in,86-(312)732-6578,kmansel3m@jigsy.com,DWDCL6G,66:f7:02:98:fc:fb
pede,non interdum in ante vestibulum,297-(612)495-9180,gmainds3n@quantcast.com,fAYU5mo,b3:d4:57:3c:61:91
mauris viverra diam vitae quam suspendisse potenti,tincidunt eu felis fusce posuere felis sed,62-(896)794-9633,alethem3o@gov.uk,tCFLfXBPMsep,26:05:b7:b3:1c:2a
cum sociis,massa,54-(770)225-1932,rholme3p@tripadvisor.com,rN8pRw,fd:55:da:b0:af:d8
mi nulla,tempor turpis,998-(710)625-0063,abaume3q@github.com,0Z5YD9veq,01:40:a1:0f:32:24
in tempor turpis nec,ut massa volutpat convallis morbi odio,55-(464)931-7324,casipenko3r@about.me,0bFiTb3FG,3d:64:dd:5a:ff:dd
morbi a ipsum,amet eleifend,86-(736)128-8718,farden3s@scientificamerican.com,blsoadsjOrI,b9:f5:f5:a0:93:0d
venenatis non sodales,orci luctus et ultrices posuere cubilia curae,48-(134)579-2247,fbaxendale3t@wiley.com,bLn320,7c:b5:94:54:2c:7d
cras in,lacinia aenean sit amet justo morbi ut,299-(810)716-0170,nbyllam3u@live.com,fLlfjHwj,4a:f7:ae:e1:b6:89
in sagittis dui,dictumst morbi vestibulum velit id,351-(263)665-6463,mholehouse3v@blogspot.com,7zM1xOcQWA,63:8c:6a:3f:2e:66
at vulputate vitae nisl aenean,amet nulla quisque,81-(813)211-5238,lbowmer3w@about.me,hxIWPHvGnvqg,cc:6f:5f:f5:c2:72
ultrices libero,in tempor turpis nec euismod scelerisque quam,81-(839)583-6339,owicks3x@miibeian.gov.cn,b9no7bv0TFE,e7:15:89:e5:e8:29
id pretium iaculis diam erat fermentum,in blandit ultrices enim lorem ipsum dolor,86-(930)342-0113,dgillbard3y@163.com,IbuBHvUqLK,4e:df:ad:29:c0:9e
in congue,in,51-(794)386-4196,hgreenrodd3z@networksolutions.com,bwKH9qd,b7:3c:61:e2:1a:4c
duis ac nibh fusce lacus,et eros vestibulum ac est lacinia nisi,238-(242)679-6324,glincey40@1und1.de,fYTRBqwzZ,82:a2:f5:4f:16:75
mauris eget massa tempor convallis,ac,86-(188)195-5216,eleonard41@plala.or.jp,AKKJHR70wkWm,e3:05:a8:5c:47:81
volutpat sapien arcu sed augue aliquam,potenti in eleifend,351-(956)134-5747,cchastang42@washingtonpost.com,49UG6lbD,d4:49:35:31:b5:38
curae mauris viverra diam vitae quam,nulla justo aliquam quis,98-(259)529-7071,lturbard43@ning.com,v1UJfha,83:1d:21:a4:03:9d
gravida nisi at nibh,est phasellus sit amet erat,249-(590)544-5958,wmccafferty44@ibm.com,B9dAEW5F2,80:ed:96:d7:e0:69
velit donec diam neque vestibulum,felis fusce posuere felis sed lacus,48-(179)459-3787,bmarling45@forbes.com,i8R36LCl,3f:3c:95:e1:2d:24
nunc,eget,216-(904)158-7328,cscarse46@cnn.com,olU3x9pqry,92:2c:1d:b2:b5:80
nam dui proin,turpis elementum ligula vehicula consequat morbi,93-(559)389-2432,jsermin47@weibo.com,NSyhLU,0e:0c:34:06:8b:5a
quis augue luctus tincidunt nulla mollis,iaculis,86-(865)488-0640,hpohling48@amazon.de,WT6up2x1WR,72:48:dc:84:1a:84
justo pellentesque viverra,eleifend luctus ultricies eu nibh quisque id,48-(229)313-8200,feccleshall49@usda.gov,443iMMJP,5e:c0:73:cc:8f:7a
elementum in hac habitasse,sollicitudin vitae consectetuer eget rutrum at lorem,62-(997)441-8101,vsymcock4a@geocities.com,z8QJuM6p,62:06:e1:91:9b:18
neque,imperdiet sapien urna pretium,236-(412)358-2881,ldalman4b@spotify.com,hSjCXCVT,99:8e:7f:ab:50:4e
iaculis justo in hac habitasse platea dictumst,id,41-(471)639-2116,shaglington4c@jimdo.com,C6C205Ufuyaq,bc:9d:b0:2d:ba:e2
porttitor lorem id,semper porta,86-(410)884-4711,rdust4d@time.com,B8B1of974I8l,69:39:eb:7e:14:d8
mi,a pede posuere nonummy integer non,967-(262)514-8600,gdurdle4e@vk.com,KwV7Wy,27:3d:8c:47:7c:d5
a pede,sapien ut nunc vestibulum ante ipsum,27-(670)617-6334,llovick4f@purevolume.com,s7EQyT,36:ad:aa:69:e0:4c
commodo placerat praesent blandit nam nulla integer,elementum pellentesque quisque,86-(251)815-3677,abonniface4g@walmart.com,bkxCS16,66:21:12:2c:1b:31
eros elementum pellentesque quisque porta,amet lobortis sapien sapien non mi,1-(718)613-7522,fbarbara4h@bbb.org,EIMPhoVf8jH,9d:15:49:1a:1c:9a
orci luctus et ultrices posuere,nunc,51-(531)714-4350,logles4i@alexa.com,KZKbcxY,82:c4:01:cc:8f:95
non mattis pulvinar nulla,sapien non mi,351-(126)307-6984,mhallock4j@shareasale.com,H19kIXXIrsep,64:41:6d:70:0d:0a
nulla,ut erat id mauris vulputate elementum nullam,33-(427)910-8187,avine4k@msu.edu,bt8HRxx1HGse,5d:fd:ad:f2:c9:d7
vel sem sed sagittis nam,pede ac diam,62-(741)439-5792,pstaresmeare4l@blogger.com,H9fwfRst6,1e:b6:af:fa:ec:c7
eget vulputate ut ultrices vel augue,nulla integer,63-(914)292-2231,sblasli4m@youku.com,u6qRudeXt2yE,5d:f9:04:93:d9:51
eleifend quam a odio in hac habitasse,lectus vestibulum quam sapien varius ut,1-(585)940-5903,pebenezer4n@pagesperso-orange.fr,ErrEtR,14:ab:bf:bb:df:db
etiam,diam in magna bibendum,7-(852)989-6739,semby4o@devhub.com,3MbzRgw9TcRQ,dd:0a:7a:af:ec:26
eleifend donec ut,fusce posuere felis sed lacus,48-(539)590-8334,aharron4p@free.fr,bueVD1Om,74:20:5e:da:6e:50
nibh ligula nec sem,eget tincidunt eget tempus vel pede,1-(847)706-6265,bmorin4q@disqus.com,b0xVWsQTH,ac:53:e0:fe:89:20
maecenas tincidunt lacus at velit,egestas metus,84-(919)614-3442,mmacduff4r@comcast.net,l5kpRkTP3G0,ca:18:ff:7b:41:d2
duis,nulla sed accumsan felis ut at dolor,33-(259)111-5863,gvlasenkov4s@dot.gov,rfvalt,c7:de:18:16:83:9d
dictumst aliquam augue quam sollicitudin vitae consectetuer,integer aliquet massa id lobortis convallis tortor,380-(383)740-6684,adomingues4t@php.net,JJXTfFuS,82:6d:02:33:f9:65
nulla dapibus dolor vel est donec odio,interdum eu tincidunt in leo maecenas,86-(902)708-9811,jgoodson4u@i2i.jp,0eFF5AI,b5:e9:8c:84:dd:a7
blandit lacinia erat vestibulum,curae mauris viverra,63-(797)801-6677,ehache4v@unblog.fr,7cJ5C132,20:74:fa:69:61:3f
sapien,nullam orci pede venenatis non sodales,7-(659)905-0800,bdemicoli4w@mozilla.org,KtMxvc1,43:e2:e8:23:48:a9
ipsum primis in faucibus orci,in libero ut massa volutpat convallis morbi,966-(854)746-5386,hmcmains4x@photobucket.com,q4sPAdg5,37:af:ca:5d:fa:2b
eu sapien cursus vestibulum proin eu mi,in quam fringilla rhoncus,7-(190)734-8418,dcopello4y@icq.com,kgBKy0jGp,5f:7b:39:d2:e5:82
ultrices posuere cubilia curae nulla,pede,57-(595)625-2721,ebischoff4z@ca.gov,3KPNbuvuW3,91:11:b8:3f:3e:de
duis consequat dui nec nisi volutpat eleifend,feugiat non pretium,351-(428)193-1721,apenwarden50@behance.net,vG9PVAokEnZJ,58:4c:65:1a:f9:33
at nibh in,pharetra magna ac consequat,30-(191)974-1548,tstaniland51@si.edu,3qKWwiR2Z0c,77:f0:4d:17:13:cf
vulputate elementum nullam varius nulla facilisi cras,at nunc commodo placerat praesent blandit,62-(708)569-2816,tbosma52@1688.com,YNipZ4Hw,a4:be:32:88:2c:c5
mollis molestie,sapien ut,420-(915)938-5269,khunt53@qq.com,1rmZ8Od6z,da:cf:ce:6b:de:c1
potenti cras in purus eu magna,in,27-(589)550-0834,lolivetti54@ucoz.ru,AUH9aK0o,16:91:74:a3:8f:11
est et,elit sodales scelerisque mauris sit amet eros,86-(500)725-8621,lmcginlay55@edublogs.org,YhB37STOM,38:39:98:52:c6:29
eu tincidunt in leo maecenas pulvinar lobortis,eget rutrum at lorem integer,46-(504)313-1630,agullberg56@google.com.hk,zzQZX0Jt,3b:56:60:62:8d:4a
convallis tortor risus dapibus augue vel accumsan,urna ut tellus,62-(800)663-2130,palmeida57@webeden.co.uk,F34jK9lmR,74:c8:e6:3d:a5:f0
venenatis tristique fusce congue diam id ornare,nisl,7-(172)196-5960,hdesremedios58@example.com,OHR3PG,27:9b:4f:37:e6:3c
blandit ultrices enim lorem ipsum,lorem,351-(770)573-6597,ttax59@hexun.com,dNBAFb758em,7a:17:48:1c:74:cf
lacus,elementum eu interdum eu tincidunt in leo,55-(127)504-6191,tsaltern5a@engadget.com,j5opHuKCLqDM,28:e5:65:85:1d:58
tincidunt lacus at velit,convallis nulla neque libero,46-(130)387-1574,elowes5b@indiatimes.com,wqmCra,ea:7d:f8:a4:97:5a
eleifend quam a odio,erat nulla,62-(979)138-7198,kluddy5c@comsenz.com,ybLcjkhEEM,27:0b:7c:45:ec:00
natoque penatibus et magnis dis parturient,mi integer ac neque duis bibendum,86-(504)100-4515,kmoyne5d@google.de,44Kx8ZuA,fc:e7:80:ee:83:f1
odio in hac,diam,86-(903)732-8824,jcomford5e@cnbc.com,koMDjTMA3kh,11:7c:83:da:cb:b2
nullam varius nulla facilisi,libero nullam sit,48-(913)778-1778,gbracknall5f@boston.com,LRDnKK6N8jZP,6d:1d:46:4b:2d:82
nulla ac enim in,nunc commodo placerat praesent blandit nam nulla,7-(408)145-2074,ltournay5g@i2i.jp,YlXmWg4qlf3,39:db:8a:63:ed:7d
proin at turpis,semper rutrum,504-(749)918-7727,ftittershill5h@dropbox.com,R1z4t1Sur,e8:b0:4c:b3:ab:a8
nisl nunc rhoncus dui vel,nec sem duis aliquam convallis nunc proin,7-(369)377-3739,kforlong5i@blog.com,lLjJ0i,da:fb:79:a7:e9:91
donec dapibus duis at velit eu,curae mauris viverra diam vitae quam suspendisse,1-(693)402-5076,twhimper5j@indiegogo.com,YN1FUFaWQqQ,24:90:4e:20:c3:7b
porttitor lorem id ligula suspendisse,pede venenatis,380-(572)765-2064,dmcpeck5k@paypal.com,4emoUtsbOKNG,35:da:ae:36:ac:ca
convallis nulla neque libero convallis eget eleifend,etiam faucibus cursus urna ut tellus nulla,48-(469)618-6322,mlearmouth5l@mysql.com,djAplpX,08:fe:ba:f6:49:af
non,placerat,387-(433)714-6388,rthorn5m@merriam-webster.com,6WmWUvmhoL,4d:6e:36:92:52:56
consectetuer adipiscing elit proin risus,non pretium,506-(459)144-9757,sdales5n@plala.or.jp,IKWS766M17p,cd:7c:d3:4c:bd:bf
vel augue vestibulum ante ipsum,luctus cum sociis,46-(433)804-8861,lcoopey5o@eepurl.com,japJPBYtjTXK,9c:71:3c:e9:5f:9d
sapien dignissim vestibulum vestibulum,maecenas rhoncus aliquam lacus morbi,33-(346)931-8447,jalberts5p@domainmarket.com,hovIkcWdnkuV,52:3a:25:51:f9:19
eu felis,quisque id,7-(652)579-8885,ssherer5q@wunderground.com,ZiXrZKB,d3:7b:86:44:0f:62
praesent blandit nam nulla,pede lobortis,86-(472)856-3447,lspaunton5r@prlog.org,HwZEtQ,d9:f7:4e:32:c6:2b
elit sodales scelerisque mauris sit,vestibulum vestibulum ante,1-(616)568-4565,hbuckles5s@booking.com,KGh0j2lHnme,bb:37:4f:bd:6f:71
nulla mollis molestie,augue vestibulum ante ipsum,48-(775)520-5437,kthome5t@cam.ac.uk,gMW18CfTQZ8S,82:62:02:b6:cb:7d
adipiscing,ipsum,995-(618)664-7644,obradly5u@joomla.org,VQyvNmFlk,cb:a3:67:7a:61:35
purus eu magna vulputate,quam turpis adipiscing lorem vitae mattis,55-(504)134-8166,ctollett5v@lulu.com,leVNtl,96:82:43:b3:15:4e
sapien varius ut blandit non interdum in,odio in hac habitasse,57-(192)499-5794,lwisker5w@github.io,KbXJvS,bd:fb:68:85:14:a8
pede libero quis orci nullam molestie,eget semper,57-(242)364-9953,arickwood5x@theatlantic.com,CaOGH431igXA,e2:95:03:36:b4:08
in faucibus,risus auctor sed tristique in tempus sit,61-(825)194-8405,lgroucock5y@1und1.de,MVyrdDBZ,d0:5e:62:91:1f:fe
nulla,habitasse platea,86-(502)418-9236,bmannion5z@narod.ru,9UFmyT,88:4a:81:ef:74:94
augue aliquam,nascetur ridiculus mus etiam,994-(358)495-7559,ehoulridge60@vinaora.com,z6nmv0Uo8tyq,b6:0e:52:76:b3:b3
ut dolor morbi vel lectus in,ante,62-(904)312-9248,avivers61@globo.com,Py6esCS,1e:c6:57:fa:55:a0
leo maecenas pulvinar,sodales sed tincidunt,86-(848)504-0759,fkember62@google.fr,Jnx3lgl,da:1d:b1:e5:43:79
justo etiam pretium iaculis justo in,volutpat erat quisque erat eros viverra,389-(890)453-9492,kskillen63@blogspot.com,hgOVA3pTq,f1:7d:60:01:10:a8
in hac habitasse,vestibulum sit amet cursus id,62-(560)240-8982,dwoodwing64@wikispaces.com,eC9N4Lcf,fa:aa:af:25:99:76
vel sem,ut nunc vestibulum ante ipsum,62-(139)508-8668,rfarmer65@google.com.au,V1475MpRtn,87:e7:3f:62:3f:9a
rutrum neque aenean auctor,at,86-(383)796-5089,fquaife66@hc360.com,If2k7GNvB,f1:1a:d7:4f:fa:eb
orci luctus et ultrices posuere cubilia curae,maecenas tristique est et tempus semper,63-(807)232-9271,fkinloch67@army.mil,XcZrEU,e4:d0:67:27:46:23
quisque arcu libero rutrum ac lobortis,id mauris vulputate elementum nullam varius nulla,995-(833)304-9277,deuesden68@oakley.com,O1CnKYxU6DjK,67:92:cf:67:4a:c1
vitae mattis nibh ligula nec sem,id ligula,62-(559)129-2236,flibbey69@unicef.org,iQK6cAfuV,a7:7e:ce:bd:fb:fc
dapibus dolor vel,nisl aenean lectus pellentesque eget nunc,359-(663)615-1649,icordeix6a@geocities.com,gqYspomm,ed:28:a7:e4:12:52
eget tincidunt eget tempus vel,rutrum rutrum neque aenean auctor,62-(951)724-8798,dsnelson6b@t-online.de,CB8V3GGPn,c3:3e:9f:42:a9:3c
odio curabitur convallis duis consequat dui,id pretium,86-(980)928-4094,aclapton6c@wufoo.com,v7tn8NM,05:dc:e3:02:e9:62
imperdiet et commodo vulputate justo in,sollicitudin ut suscipit a feugiat,55-(325)945-8698,gstygall6d@flickr.com,67trL3Q30p,5f:4c:a8:a9:c0:3a
vel enim sit amet nunc,nulla integer pede justo lacinia eget tincidunt,86-(785)650-3454,zdobbinson6e@buzzfeed.com,rUMGprS,81:2e:eb:b5:fa:d4
ac nulla sed vel enim sit,ultrices libero,86-(587)786-4394,ecrosfield6f@imdb.com,QxgpIEtFB,a7:10:d3:eb:87:c2
consequat varius integer ac leo,tristique,57-(234)516-2802,ccasaletto6g@multiply.com,OfePsjYfk,7e:45:20:8e:96:a9
aliquam non mauris morbi,vestibulum ante,381-(733)214-3613,bbonifazio6h@businesswire.com,MY64RDTGRCVH,41:cb:6f:4d:b6:82
eget semper rutrum nulla nunc purus,platea dictumst etiam faucibus cursus,86-(427)755-7257,sphant6i@amazon.de,3VHpuQf,ea:93:a1:05:95:4b
magna,nibh in quis justo maecenas rhoncus,86-(166)939-1000,lkellar6j@gnu.org,YjBNHgcMiGJ,e3:5d:76:56:09:3c
nec condimentum,hendrerit,48-(337)930-8038,fwarder6k@smugmug.com,TGMJjpwOqiJ,aa:34:9a:7e:c7:fd
vestibulum,luctus et ultrices posuere cubilia curae,351-(222)585-0451,astansfield6l@shop-pro.jp,mpipqi,19:2e:53:1f:8a:25
in faucibus orci,quisque id justo sit,380-(409)332-0948,rbearfoot6m@blogspot.com,bP5xihvcHnG,76:f5:bb:ea:0a:73
sapien ut nunc vestibulum ante ipsum primis,nulla suspendisse,86-(292)753-2108,asilvermann6n@is.gd,wEQlGQ,46:1c:43:20:ff:65
integer,dui nec,63-(704)363-6971,kcast6o@blogspot.com,yq8ENcusj9,7a:32:ec:30:ed:cf
mi sit amet lobortis,magna bibendum imperdiet nullam orci pede,49-(778)657-5396,rmcgarvie6p@jimdo.com,N9COsT,2b:31:69:47:85:83
orci nullam molestie,facilisi,48-(464)149-1810,ngibby6q@businessweek.com,8Cqh9maw6,ce:e1:15:33:d6:ac
proin,nibh in hac,1-(526)647-9676,jmcmickan6r@google.pl,X8KjlXAQp,cd:1c:74:fa:d6:bb
quam turpis adipiscing lorem,purus,86-(888)340-2365,imucklo6s@ebay.co.uk,M5Qjx8,4d:8b:dd:cc:86:41
maecenas rhoncus,ultrices posuere cubilia curae mauris,33-(355)236-0034,rbalas6t@phoca.cz,tsMsV8jvZ,a0:e8:d2:58:c5:da
massa,nam nulla integer,95-(927)709-7197,afancy6u@theatlantic.com,eZmLPI3j2H8,9f:75:69:73:e7:2e
nec euismod,laoreet,86-(432)250-9780,edowling6v@bing.com,IMtPte34,f6:8e:8b:20:75:0c
convallis duis consequat dui,quam,81-(261)968-0510,ndennant6w@unicef.org,7CSrQw6nP,ca:ba:a0:7d:b3:ce
ipsum primis in faucibus orci luctus et,natoque,994-(833)658-5911,aallred6x@illinois.edu,53exNYM,4e:e3:c1:da:b8:cc
turpis sed ante vivamus,cursus vestibulum proin eu mi nulla ac,46-(712)560-9848,zmatzel6y@spiegel.de,GfUsayP,cf:be:f5:7b:64:89
massa donec dapibus,nulla pede,62-(605)480-8964,rcrampton6z@newsvine.com,g4VyXc,a5:d2:65:f1:6e:aa
in leo maecenas pulvinar lobortis est,pede ac diam cras pellentesque volutpat dui,46-(956)192-4021,akegan70@unblog.fr,tFlGkbWF,d9:30:d4:f4:3e:24
amet nulla quisque arcu libero rutrum ac,diam cras pellentesque,383-(446)620-8551,sstorm71@bloglovin.com,mejiOTDlgLNM,8b:6f:b5:c1:cf:c4
primis in,pede justo eu massa,86-(909)581-8638,mdoorly72@rambler.ru,CzPIc4ZrtOkC,c6:45:09:76:03:56
aliquet at,platea dictumst,84-(593)681-7211,groof73@pen.io,Ux2dtKLfwG,23:27:9a:97:e8:d8
at,pellentesque at nulla,963-(449)275-2347,dcristofaro74@bloomberg.com,VPuERkCIqq,44:b8:ec:6e:42:de
elit proin interdum mauris non ligula,suspendisse accumsan tortor quis turpis sed ante,81-(581)423-0032,wbone75@wp.com,1u4bTmolViKe,65:d2:94:86:cb:16
a nibh in quis justo,pede ac diam,374-(978)298-2992,jroke76@google.com,08ugu6CvbX3,d9:b4:29:c0:18:f7
venenatis tristique fusce congue diam,morbi sem mauris,351-(123)641-4376,rcota77@google.cn,GBaviSomoTAh,d7:73:0f:64:9e:e5
sed augue aliquam erat volutpat,dictumst aliquam augue quam sollicitudin,62-(811)127-8983,prushmare78@usda.gov,fWfgYIw,bc:4b:8b:d1:76:74
nullam,morbi a,351-(650)479-7958,sgillum79@youtube.com,Q3Ichyc,47:c6:8f:ee:53:bf
vestibulum ante,donec,255-(638)339-8645,cgeratt7a@macromedia.com,kVH13rv,c9:99:3c:9d:fd:bc
sollicitudin,ut blandit non interdum,7-(619)559-8785,eesmond7b@technorati.com,haKL7aJ,38:9d:c4:a8:bf:9e
ut at dolor quis odio consequat,vestibulum ante ipsum,84-(252)485-1909,khriinchenko7c@sun.com,3nIzYsQBLWA8,47:ab:b5:05:97:a2
nulla,lacinia nisi venenatis,375-(687)998-5170,jseymour7d@prweb.com,lXG7Dhem25f,bf:4a:ff:50:3e:d9
donec semper,sit amet turpis elementum ligula vehicula,242-(236)978-4510,hcale7e@ustream.tv,GO4sD2cfLM3,5d:41:01:7f:07:fd
fusce congue diam id ornare imperdiet,vel dapibus at diam nam tristique,358-(210)932-1559,kfronsek7f@exblog.jp,FPcZN7,39:03:a8:51:2f:b7
turpis enim blandit mi,luctus et,212-(151)570-1181,tparmby7g@mapquest.com,DKc30Fa,94:d5:6d:42:c1:69
tempus vel pede morbi porttitor lorem,amet diam in magna,505-(271)963-3234,ayakovlev7h@discuz.net,VhJ5m16QcUn,36:d9:f8:31:3a:30
vestibulum,enim,7-(609)420-2719,yrogliero7i@hostgator.com,ElIosgvV,b3:e4:5a:47:37:c8
purus,condimentum neque sapien placerat ante nulla justo,86-(523)521-2728,ghache7j@creativecommons.org,F54EvL,5e:42:0e:df:e7:76
accumsan tortor,velit nec,86-(346)826-5926,tgerdts7k@studiopress.com,NKWCi7,32:ea:b5:5b:90:82
amet consectetuer adipiscing elit proin,proin leo odio,1-(874)300-1552,acollier7l@abc.net.au,zfmmfJ6U0ak,39:13:12:21:15:b2
elementum pellentesque quisque porta volutpat,in,33-(218)631-3357,rmileham7m@is.gd,4AaNcTJC9o,4d:43:79:d8:68:bb
nec,suspendisse potenti in eleifend quam a odio,46-(879)894-5600,cboog7n@tumblr.com,OAUcnn1yMPpf,68:1b:d9:cf:42:14
vitae mattis nibh ligula nec sem duis,curabitur in,33-(725)627-0146,cgrogona7o@wikispaces.com,NE9xGL3US,ac:66:da:60:a8:5b
dolor vel est donec,etiam faucibus cursus urna ut tellus nulla,7-(626)968-4463,efitzalan7p@columbia.edu,u1OAxorauMZ,47:66:29:71:6d:52
ac nibh,suspendisse potenti cras in purus eu,46-(648)715-1344,idorber7q@sphinn.com,kXYoX6rILb,45:21:37:d4:e9:c9
eget orci vehicula condimentum curabitur,rutrum neque,7-(122)809-4609,stzar7r@addthis.com,V1XceQ4bRu,c9:38:8e:8b:08:88
justo,enim,264-(831)176-2334,tdalinder7s@woothemes.com,L0CCUm,51:b2:3f:b1:93:82
ac diam cras pellentesque volutpat dui maecenas,nisl nunc,62-(289)453-6151,isiddall7t@t-online.de,TAdFx9xQ,40:6d:27:f5:de:2d
pellentesque at nulla,phasellus sit amet erat nulla tempus vivamus,33-(418)816-5852,pgrizard7u@cafepress.com,7Rvff9,a0:6e:04:f4:46:36
libero quis orci,tristique in tempus sit amet sem fusce,7-(457)869-6125,tclemanceau7v@oaic.gov.au,ov15KHrI,b9:ef:57:45:7c:b8
in ante vestibulum ante ipsum primis in,lorem quisque ut erat,55-(571)659-3723,pholtham7w@bloglines.com,Ltj3rkheA,9f:04:b8:a7:3a:09
cubilia curae,id,591-(218)956-8852,kflatt7x@unc.edu,FSpwAYH,8f:94:7d:5a:76:84
aenean lectus pellentesque,nunc purus phasellus in felis donec semper,56-(102)117-2441,sjuarez7y@icq.com,iCzrKh,d3:4b:22:9b:e6:f4
blandit nam,integer aliquet massa id lobortis,30-(415)368-9127,bbartens7z@house.gov,iPFpC8iEra,4d:1d:f7:1c:0b:ee
imperdiet sapien urna pretium nisl ut,a feugiat et eros vestibulum ac,237-(780)156-6085,gdommerque80@spotify.com,Zbtzpz,cf:4c:5d:fc:ba:ea
morbi odio,ac,1-(189)846-8200,bpaybody81@msn.com,0F0itzHFCaZU,c3:80:c4:39:7a:4a
condimentum neque sapien placerat,erat curabitur gravida nisi at nibh in,385-(220)161-2504,trealy82@cisco.com,CVQauonDMTw,63:e6:0b:51:ad:2c
eu est congue elementum in hac habitasse,orci luctus et,7-(778)647-1391,grogger83@eepurl.com,ngKcyVlgTH,ba:79:47:f8:3f:15
odio consequat,volutpat in congue etiam,358-(696)623-6957,khargess84@php.net,U2aFna,e5:f5:68:80:3b:b2
ultrices aliquet maecenas leo,suspendisse accumsan,66-(588)215-8850,mbrunsden85@techcrunch.com,GhCiRD2S,64:59:60:78:04:84
etiam,tellus nulla,255-(719)148-9850,afairney86@intel.com,Ltlrfpi,2b:ab:0b:6c:b2:2d
ac est,est quam pharetra magna ac,48-(283)220-0058,acopnell87@jiathis.com,kzLQS2Wv2,ce:e0:b7:41:e2:24
elit proin risus praesent lectus vestibulum,ligula suspendisse,63-(890)915-6503,igunthorp88@paginegialle.it,EeyoihnYdJ8,84:b0:e9:df:3b:23
nibh in,lorem quisque ut erat,504-(933)827-3526,hslocumb89@bloglovin.com,WJVeADqQnX6,e0:a4:c6:2e:18:94
semper interdum mauris ullamcorper purus sit,nulla nisl,46-(794)868-5797,obaser8a@boston.com,I0QbI1,ec:63:f2:b0:d2:aa
pellentesque volutpat dui maecenas tristique,sem mauris laoreet ut rhoncus aliquet pulvinar,48-(898)689-8434,dwaadenburg8b@google.pl,FKrQrGlRLJ5j,ad:44:27:c2:23:42
